Tanggal,Bawang Merah,Bawang Putih,Cabai Merah Keriting,Cabai Rawit Merah,Daging Sapi,Daging Ayam,Telur Ayam,Beras,Minyak Goreng
2021-01-01,,,,,,,,,
2021-01-02,,,,,,,,,
2021-01-03,,,,,,,,,
2021-01-04,,,,,,,,,
2021-01-05,,,,,,,,,
2021-01-06,,,,,,,,,
2021-01-07,,,,,,,,,
2021-01-08,,,,,,,,,
2021-01-09,,,,,,,,,
2021-01-10,,,,,,,,,
2021-01-11,,,,,,,,,
2021-01-12,,,,,,,,,
2021-01-13,,,,,,,,,
2021-01-14,,,,,,,,,
2021-01-15,,,,,,,,,
2021-01-16,,,,,,,,,
2021-01-17,,,,,,,,,
2021-01-18,,,,,,,,,
2021-01-19,,,,,,,,,
2021-01-20,,,,,,,,,
2021-01-21,,,,,,,,,
2021-01-22,,,,,,,,,
2021-01-23,,,,,,,,,
2021-01-24,,,,,,,,,
2021-01-25,,,,,,,,,
2021-01-26,,,,,,,,,
2021-01-27,,,,,,,,,
2021-01-28,,,,,,,,,
2021-01-29,,,,,,,,,
2021-01-30,,,,,,,,,
2021-01-31,,,,,,,,,
2021-02-01,,,,,,,,,
2021-02-02,,,,,,,,,
2021-02-03,,,,,,,,,
2021-02-04,,,,,,,,,
2021-02-05,,,,,,,,,
2021-02-06,,,,,,,,,
2021-02-07,,,,,,,,,
2021-02-08,,,,,,,,,
2021-02-09,,,,,,,,,
2021-02-10,,,,,,,,,
2021-02-11,,,,,,,,,
2021-02-12,,,,,,,,,
2021-02-13,,,,,,,,,
2021-02-14,,,,,,,,,
2021-02-15,,,,,,,,,
2021-02-16,,,,,,,,,
2021-02-17,,,,,,,,,
2021-02-18,,,,,,,,,
2021-02-19,,,,,,,,,
2021-02-20,,,,,,,,,
2021-02-21,,,,,,,,,
2021-02-22,,,,,,,,,
2021-02-23,,,,,,,,,
2021-02-24,,,,,,,,,
2021-02-25,,,,,,,,,
2021-02-26,,,,,,,,,
2021-02-27,,,,,,,,,
2021-02-28,,,,,,,,,
2021-03-01,,,,,,,,,
2021-03-02,,,,,,,,,
2021-03-03,,,,,,,,,
2021-03-04,,,,,,,,,
2021-03-05,,,,,,,,,
2021-03-06,,,,,,,,,
2021-03-07,,,,,,,,,
2021-03-08,,,,,,,,,
2021-03-09,,,,,,,,,
2021-03-10,40000,28000,55000,120000,120000,35000,24000,12000,13500
2021-03-11,40000,28000,50000,120000,120000,35000,24000,12000,13000
2021-03-12,,,,,,,,,
2021-03-13,35000,24000,50000,120000,120000,35000,24000,12000,13000
2021-03-14,37420,24490,41830,120000,120000,35000,24490,11490,13750
2021-03-15,34760,26210,50000,124930,120000,33250,23490,11660,14190
2021-03-16,35540,26640,52330,124900,120000,33680,23860,11490,13240
2021-03-17,35420,26320,52820,120890,119270,35570,23760,11470,13160
2021-03-18,33130,25930,51280,123880,119970,35100,23280,11270,13070
2021-03-19,33130,25110,53010,120040,119360,35100,23400,11270,12940
2021-03-20,34410,25910,52370,117970,120000,34880,23380,11460,13180
2021-03-21,35450,25600,50800,117140,119150,35660,23380,11730,13370
2021-03-22,34240,25560,54240,118030,119970,35100,23160,11270,13070
2021-03-23,32670,26160,54890,122570,118680,34430,23140,11270,12780
2021-03-24,31110,25760,54850,122670,119080,34910,23470,11120,13060
2021-03-25,32490,26920,53460,111890,117800,35120,23170,11470,13170
2021-03-26,33030,27280,50880,113950,119260,34710,22900,11210,13080
2021-03-27,31220,25500,51950,110980,114630,32840,23190,11320,13000
2021-03-28,33490,26070,54130,113800,119210,33850,22960,11240,13320
2021-03-29,32050,25760,53460,103140,114630,35120,22260,11470,13170
2021-03-30,31790,25540,53490,101400,119260,35360,22040,11270,13150
2021-03-31,31910,26450,52850,97360,118900,34860,22390,11350,13350
2021-04-01,32400,25810,52320,91300,119870,35620,22350,11270,13270
2021-04-02,32400,26920,53650,89720,119870,35490,21980,11270,13400
2021-04-03,33440,26870,53530,90330,120460,35490,21980,11340,13270
2021-04-04,33190,26920,53280,87250,120460,35490,22240,11340,13340
2021-04-05,32400,26180,50640,80790,119870,36710,22180,11270,13470
2021-04-06,31690,25580,52120,80740,121130,36570,22350,11410,13280
2021-04-07,31770,27440,48720,80090,121130,37040,22230,11340,13400
2021-04-08,32010,28310,48090,81930,119900,39020,22960,11380,13380
2021-04-09,31490,27690,48960,77890,121130,37320,23460,11280,13400
2021-04-10,31220,25890,48640,80310,121130,37710,23460,11280,13470
2021-04-11,31400,26780,48080,77680,122750,36800,23840,11250,13750
2021-04-12,32730,26180,47270,77250,127130,37710,23580,11220,13590
2021-04-13,31900,26350,43540,74170,128270,38110,23820,11330,13240
2021-04-14,31100,26610,44280,71390,126920,38110,24390,11400,13320
2021-04-15,29930,26310,41800,74870,128980,39590,25380,11170,13170
2021-04-16,31600,27150,48450,76940,124870,38670,24710,11230,13520
2021-04-17,31640,26390,45180,73780,124900,36970,24910,11130,13880
2021-04-18,30720,27200,48710,75520,126290,38960,24700,11120,13320
2021-04-19,30720,26330,41900,59710,125620,37390,24920,11250,13610
2021-04-20,30420,26070,42200,59870,125620,37390,24850,11250,13540
2021-04-21,30360,25940,44790,57040,124240,37710,24610,11160,13590
2021-04-22,30550,25940,43080,53710,124240,37460,24480,11170,13590
2021-04-23,30950,25940,44870,54940,124240,37730,24350,11230,13590
2021-04-24,29840,26290,44580,56890,123440,37830,24850,11340,13320
2021-04-25,29080,25990,42620,57180,124240,37330,24480,11230,13450
2021-04-26,30690,26070,34120,54230,126750,38190,24240,11230,13630
2021-04-27,30590,26110,32480,54600,127630,38500,24560,11470,13680
2021-04-28,30260,26650,32350,57020,128520,37230,24270,11190,14040
2021-04-29,30990,26570,33250,52860,127420,37800,24110,11230,13770
2021-04-30,30990,26570,31880,53070,126750,37800,23970,11160,13770
2021-05-01,30730,26570,32460,54690,126750,37800,23830,11220,13840
2021-05-02,31600,27050,32110,51920,126290,38220,23550,11340,13960
2021-05-03,30380,27050,34020,54360,128020,39730,23580,11160,13770
2021-05-04,31120,26800,32480,56240,129100,40460,23410,11260,13600
2021-05-05,30830,26800,32540,58440,129100,40770,23550,11340,13430
2021-05-06,30440,26800,32740,57760,129900,40000,23290,11230,13770
2021-05-07,30380,27050,35090,58900,129210,39740,23290,11230,13590
2021-05-08,30440,27430,34240,60350,130480,40470,23480,11340,13600
2021-05-09,30900,27090,35600,60410,131270,40470,23630,11340,13680
2021-05-10,30830,27090,41980,67690,135920,41160,23130,11340,13680
2021-05-11,32900,27320,49780,68510,147380,44650,23300,11230,13970
2021-05-12,32880,28170,52850,69330,151810,44120,23990,11370,13990
2021-05-13,35000,30000,50000,55000,150000,50000,24000,12000,15000
2021-05-14,31850,23630,49650,66330,142440,38530,22990,10950,13980
2021-05-15,31850,28740,50000,66710,137430,41890,23490,11470,13980
2021-05-16,30650,26680,44720,62850,134910,39840,23240,11220,13730
2021-05-17,31530,27060,38700,63540,127930,40250,23240,11100,13790
2021-05-18,31760,27940,39820,59480,126290,39910,23570,11340,13680
2021-05-19,31890,27550,34380,56400,126750,39670,23360,11040,14020
2021-05-20,31400,28490,30140,48910,129120,39010,23600,11230,14030
2021-05-21,32170,27470,30890,52760,127630,39620,23690,11340,13960
2021-05-22,32510,28070,31200,52520,129120,39010,23600,11160,14030
2021-05-23,32890,27520,30970,51230,126290,38870,23690,11040,13890
2021-05-24,32040,26980,29070,47730,129120,38870,23610,11290,14030
2021-05-25,31660,26670,27680,47180,129120,39010,23610,11290,14080
2021-05-26,31930,26670,27820,45880,129120,38880,23480,11230,14160
2021-05-27,31140,26530,27420,44060,129730,38500,23990,11230,14270
2021-05-28,30790,26530,27800,41050,129120,38500,23990,11160,14160
2021-05-29,30650,26330,26180,42930,131270,38290,24060,11190,14260
2021-05-30,31020,26650,27630,41280,127630,39030,24420,11340,13890
2021-05-31,31360,26480,26760,41580,132780,38400,24830,11190,14270
2021-06-01,30380,26760,27220,41300,130420,39170,24920,11230,13960
2021-06-02,30930,26680,26120,39840,129120,38590,24850,11230,14030
2021-06-03,31760,27630,26080,39160,127630,38870,25260,11200,14040
2021-06-04,30570,26310,26770,41300,127930,38080,24980,11230,13720
2021-06-05,30650,26500,26150,42290,127060,37190,25050,11260,13900
2021-06-06,29620,26310,25620,39700,127930,36870,25040,11230,13960
2021-06-07,31160,26650,24930,41910,128710,38080,25170,11230,14160
2021-06-08,31020,26270,24670,39430,127740,37820,24990,11120,14180
2021-06-09,31020,27050,24020,38080,127740,38420,25210,11340,14040
2021-06-10,30720,26790,23140,37060,127740,38870,25130,11340,14040
2021-06-11,30630,26420,24160,37320,128020,37940,24930,11230,14080
2021-06-12,30630,26230,24430,38270,128020,38230,25120,11230,13780
2021-06-13,30630,26530,24360,37590,128020,38230,25050,11160,14160
2021-06-14,30630,26560,23880,36870,128020,39630,24930,11230,14160
2021-06-15,30350,26170,24240,35000,125380,37690,25240,11230,14410
2021-06-16,30400,26790,23320,35780,127740,38420,24840,11340,14190
2021-06-17,30100,26360,23810,36280,128020,37550,24860,11230,14410
2021-06-18,30100,26410,23310,37140,125380,37680,24800,11230,14410
2021-06-19,30100,26550,23310,37140,128020,37830,24860,11230,14410
2021-06-20,29120,26860,23310,36530,128020,38390,24730,11230,14410
2021-06-21,30360,26550,23250,37310,128020,38500,24470,11230,14410
2021-06-22,30720,26560,22360,42250,127740,39530,24130,11340,14180
2021-06-23,29750,25650,23320,42460,130000,38290,23980,11190,14550
2021-06-24,30810,26490,24310,42310,127370,39790,23890,11390,14380
2021-06-25,31400,27060,27700,51030,127740,39370,24110,11340,14330
2021-06-26,31000,26910,26800,51510,127740,39200,24190,11200,14020
2021-06-27,30330,26060,27570,50190,130000,38200,23820,11190,14560
2021-06-28,30870,26860,25050,51080,128020,38730,23910,11230,14160
2021-06-29,30760,27560,26760,51960,128950,39180,24070,11390,13790
2021-06-30,31160,27020,26470,48480,129210,38870,23730,11230,14160
2021-07-01,30890,26550,25570,53400,129210,39020,23730,11230,14160
2021-07-02,30050,26880,25400,55670,129100,37620,23760,11260,13960
2021-07-03,30630,26620,25400,54730,131380,38260,23840,11190,14410
2021-07-04,30890,26780,24990,54130,129210,38470,23980,11230,14080
2021-07-05,31510,26160,24670,53780,129210,38470,23600,11230,14080
2021-07-06,32460,25820,26290,61670,129210,38430,23470,11230,14080
2021-07-07,32460,26590,26490,60190,128020,38420,23350,11280,14160
2021-07-08,31890,27130,26550,60470,128020,38300,23220,11220,14220
2021-07-09,31470,26890,25650,62730,126930,38060,23490,11250,14410
2021-07-10,32820,26900,24850,61900,127740,39660,23120,11470,14090
2021-07-11,31380,27120,24990,58070,130000,39280,22980,11700,14730
2021-07-12,31730,27170,25430,59950,127740,39660,23550,11470,14090
2021-07-13,31300,26760,25810,64620,126750,38010,22920,11340,14380
2021-07-14,32740,26680,25710,65580,126290,39310,22990,11530,14170
2021-07-15,31710,27320,26710,66280,126290,39160,23200,11470,14220
2021-07-16,32350,26890,27140,66730,126750,37870,23100,11270,14200
2021-07-17,32800,27520,28140,61720,126750,36830,23350,11340,14200
2021-07-18,32470,27460,28740,66730,128020,37150,23350,11340,14200
2021-07-19,33420,27570,30870,66730,132770,38130,23720,11340,14270
2021-07-20,34170,28960,32600,66490,133250,41210,24270,11980,14610
2021-07-21,35900,27500,32490,67890,130480,36400,23960,11190,14170
2021-07-22,34070,27800,30900,65690,128020,38140,23710,11340,14270
2021-07-23,33690,27680,30880,66740,128020,38450,23710,11280,14340
2021-07-24,33690,27160,30540,65040,126750,37860,23860,11340,14340
2021-07-25,33250,27890,29730,61490,128280,39000,23810,11460,14560
2021-07-26,34540,27020,28070,61510,126750,37460,24210,11340,14340
2021-07-27,33920,26740,27390,53820,128280,38030,24470,11460,14560
2021-07-28,33160,26790,25810,55190,126750,36830,24350,11340,14210
2021-07-29,33680,26990,25470,53730,126750,36220,24470,11340,14210
2021-07-30,32380,27530,25540,53730,126290,35120,24400,11390,14250
2021-07-31,32920,26930,25470,53880,126750,36220,24470,11340,14270
2021-08-01,32500,26390,24980,50950,126290,34450,24400,11190,14090
2021-08-02,33290,27190,24930,50460,126750,36540,24430,11400,14390
2021-08-03,33060,27060,25280,46380,126750,36540,24480,11340,14390
2021-08-04,33060,27160,25280,47000,125490,36850,24430,11340,14390
2021-08-05,33060,26990,25270,45910,125490,37430,24550,11340,14390
2021-08-06,32790,27160,25630,47280,127060,36380,24350,11320,14690
2021-08-07,32790,27380,25990,45720,125490,36810,24240,11340,14320
2021-08-08,32510,27360,24720,45050,125490,36970,24240,11340,14280
2021-08-09,31380,27250,25760,43640,126160,36810,24360,11340,14410
2021-08-10,30890,27360,26180,40960,127060,35500,23990,11250,14980
2021-08-11,31040,27450,24400,43370,126580,37380,24160,11390,14980
2021-08-12,31580,27510,25510,45200,126290,36920,23850,11190,14740
2021-08-13,30590,27360,24340,38310,127060,36070,24120,11250,14840
2021-08-14,31110,27050,26060,37900,125490,36970,23870,11280,14450
2021-08-15,30860,27320,26060,38310,125490,36680,23740,11280,14530
2021-08-16,30590,27560,25560,38310,126800,35150,23490,11230,14650
2021-08-17,30010,27090,25220,32260,127060,36070,23550,11190,14980
2021-08-18,30190,27510,23620,32160,124850,37580,23260,11340,14330
2021-08-19,30190,27510,24150,31530,124850,37420,23400,11340,14460
2021-08-20,30680,27570,24870,31460,124850,37420,23260,11340,14460
2021-08-21,30460,27300,24880,31940,125490,36400,23230,11280,14530
2021-08-22,30430,27120,24260,31040,127940,37640,22980,11460,14990
2021-08-23,29480,26930,22360,31260,125620,35920,22990,11250,14840
2021-08-24,28640,27070,21610,25870,123440,37250,22910,11400,14460
2021-08-25,28720,26840,20090,27420,123440,37580,22690,11400,14040
2021-08-26,28350,26720,19340,24770,124240,36260,22360,11280,14410
2021-08-27,27030,25930,18700,25110,125620,35900,22420,11250,14840
2021-08-28,27070,26580,17740,24980,124900,36820,22630,11390,14820
2021-08-29,27390,26580,19190,24230,124900,36820,22150,11390,14820
2021-08-30,28810,27560,20130,25050,123440,34700,22040,11330,14460
2021-08-31,28840,26800,20960,25050,124240,36390,22340,11280,14410
2021-09-01,28620,27130,20440,23840,123440,36480,21910,11400,14330
2021-09-02,28840,26800,20440,24660,124240,35580,21530,11280,14720
2021-09-03,28930,27380,20380,23040,124240,36340,21220,11280,14720
2021-09-04,28710,27440,19970,23980,124240,36200,21330,11280,14720
2021-09-05,27350,26150,18840,23340,123900,34450,21180,11270,14900
2021-09-06,28410,26170,20270,24530,124240,36480,21220,11350,14650
2021-09-07,28350,26430,20510,25680,124240,36480,21230,11350,14720
2021-09-08,27980,25610,20470,25630,124240,36770,21230,11410,14780
2021-09-09,27650,26340,20340,26030,124240,36770,20980,11410,14780
2021-09-10,27550,26480,19750,24070,123440,37340,20990,11470,14610
2021-09-11,27970,25620,20560,24810,124240,36770,20730,11410,14780
2021-09-12,27850,26540,21170,24920,123440,37190,20680,11470,14610
2021-09-13,27790,26720,20040,24950,124240,36200,20230,11410,14780
2021-09-14,27000,26970,21010,23740,123440,37340,20270,11470,14610
2021-09-15,27740,26770,20410,25010,124240,35930,19910,11340,14960
2021-09-16,27600,26210,20080,24390,124240,36060,19790,11340,14890
2021-09-17,27320,26720,20010,25140,124240,36060,19790,11340,14890
2021-09-18,26560,26970,21560,24380,123440,36680,19760,11390,14740
2021-09-19,27100,26660,19850,24890,124240,36200,19530,11340,14890
2021-09-20,27120,26340,20750,26160,124240,35640,19680,11340,14890
2021-09-21,27260,26470,20680,26030,124240,35910,19490,11300,14770
2021-09-22,26910,26340,20500,26460,124060,35530,19420,11320,15270
2021-09-23,27280,26910,20880,25910,122890,36060,19240,11340,14890
2021-09-24,27420,27520,22310,26710,121910,35650,20160,11390,14880
2021-09-25,27150,26910,20740,25730,122180,36060,18930,11340,14890
2021-09-26,26090,27570,21240,26310,121770,36260,18790,11450,15180
2021-09-27,26760,26910,21420,25550,122890,36060,19360,11340,14890
2021-09-28,26290,26390,22130,24870,122890,36060,18990,11340,14890
2021-09-29,26520,26880,24970,25030,121910,37020,19120,11320,14650
2021-09-30,26260,26530,24280,25470,122890,36060,19360,11340,14890
2021-10-01,26130,26400,24580,25870,122890,35930,19430,11280,14960
2021-10-02,26120,26760,24970,26640,121910,37500,19420,11330,14810
2021-10-03,26450,26920,26090,26730,121910,36250,19610,11250,14950
2021-10-04,26450,26460,25780,26790,121910,37340,19210,11330,14740
2021-10-05,25360,25930,25820,26500,124850,35690,21550,11250,15350
2021-10-06,27010,26400,29670,28080,124240,36470,19780,11280,14960
2021-10-07,28430,26400,32260,28500,124240,36630,19420,11220,14880
2021-10-08,27460,26610,31540,28360,123440,37340,18910,11330,14810
2021-10-09,27960,26780,31950,28480,124240,36500,18930,11250,14960
2021-10-10,27630,27050,31630,28400,123440,37500,19140,11330,14810
2021-10-11,26670,27510,30610,26910,123900,36920,18990,11360,15580
2021-10-12,,,,,,,,,
2021-10-13,27310,27050,32940,27780,123440,37700,19130,11390,15350
2021-10-14,27920,26780,33100,28650,124240,36930,18910,11140,15380
2021-10-15,28180,27010,33100,27890,124240,36930,18840,11210,15500
2021-10-16,28320,26670,32390,27770,124240,36660,18800,11250,15440
2021-10-17,26920,26800,32030,28000,125620,36200,18840,11240,15980
2021-10-18,28020,26600,32740,28400,126750,37170,18800,11270,15740
2021-10-19,27730,26760,32220,28250,125580,37540,18850,11360,15570
2021-10-20,27870,26550,33150,28240,125490,36790,18740,11270,15620
2021-10-21,27190,26170,33150,27710,125490,36790,18360,11270,15740
2021-10-22,27880,26110,31890,28700,125490,36790,18490,11140,15930
2021-10-23,28960,26350,32560,28450,125490,36790,18430,11210,15860
2021-10-24,27210,26260,32100,28050,126580,37130,18490,11280,16320
2021-10-25,26960,26420,33030,27820,125490,36790,18360,11210,15930
2021-10-26,27250,26340,31490,27730,125490,36350,18360,11210,15930
2021-10-27,27140,26210,33180,26460,125490,36350,18540,11140,16160
2021-10-28,25970,25800,32550,25810,126160,36350,19120,11210,16160
2021-10-29,25800,25820,30700,26280,125620,34330,19130,11240,16390
2021-10-30,26530,25380,33530,25520,125490,34770,19370,11210,16460
2021-10-31,26310,26160,33260,25850,123900,34900,19390,10940,16980
2021-11-01,26070,26100,32820,25020,126160,36090,19370,11210,17110
2021-11-02,26070,25460,34310,25520,126160,34380,19740,11210,17290
2021-11-03,26220,25680,35730,25710,126160,34380,19620,11210,16400
2021-11-04,26630,25750,38530,25810,126160,34490,20110,11210,17350
2021-11-05,24560,25770,40330,25770,127060,33770,21050,11160,17550
2021-11-06,26120,25090,41080,26320,126160,34490,21300,11210,17480
2021-11-07,25140,25250,41670,25610,127060,33770,21400,11160,17620
2021-11-08,25160,25750,44450,25100,125490,33830,22100,11210,17660
2021-11-09,24680,25920,45000,23990,124850,34420,22660,11170,17900
2021-11-10,24310,25300,44560,24210,126580,33390,24480,11030,17810
2021-11-11,26840,25570,44750,24490,125490,33960,23600,11210,17980
2021-11-12,27100,26410,42110,23340,124900,34910,24140,11360,17720
2021-11-13,25240,26080,41710,23920,126580,34730,24490,11280,17890
2021-11-14,24360,26080,41710,23760,126580,32950,23810,11190,17820
2021-11-15,25960,26540,43080,25570,125620,35140,24050,11240,17210
2021-11-16,24810,26340,42890,26130,125490,34450,24050,11150,17430
2021-11-17,25460,26760,42020,25940,125620,35280,24280,11240,18270
2021-11-18,25560,26530,42800,25480,126160,34050,24040,11210,18420
2021-11-19,25480,26400,43130,25780,126160,34590,24350,11040,18490
2021-11-20,24360,26080,41690,27370,124750,32790,23980,10970,18240
2021-11-21,25590,26490,42810,27460,125620,35440,24120,11180,18410
2021-11-22,24920,26270,43070,27920,125620,35080,23760,11180,18410
2021-11-23,23900,25650,45010,27750,127060,34420,23630,11040,18260
2021-11-24,24650,26400,43070,27970,126160,34810,23550,11090,18350
2021-11-25,24370,26160,42950,27400,126160,34810,23350,11090,18350
2021-11-26,24370,25980,42010,28650,126160,35070,23040,11090,18230
2021-11-27,24330,26180,40270,30740,125620,35710,22760,11180,18330
2021-11-28,23960,25780,41350,29670,127060,34270,22550,11040,18260
2021-11-29,24370,26350,40920,31980,126160,34940,22470,11090,17420
2021-11-30,23370,26480,34260,35440,126160,35350,22540,11090,17340
2021-12-01,23900,27050,39820,35240,125620,35860,22910,11180,17400
2021-12-02,23770,25870,42060,43010,126160,35070,22550,11090,18350
2021-12-03,23680,26060,45230,46910,125620,35710,21840,11180,18480
2021-12-04,24750,25780,42300,46140,127060,34740,21770,11040,18410
2021-12-05,24500,25760,43040,50480,124900,35470,22580,11140,18830
2021-12-06,24720,26420,43070,47520,125620,34740,21920,11110,18200
2021-12-07,24440,25300,43950,46090,125900,34840,22360,11370,18680
2021-12-08,25230,25430,45940,53790,126160,34260,21420,11090,18420
2021-12-09,24880,26310,47040,63150,126160,35090,21420,11090,18540
2021-12-10,24800,26340,44500,62350,125620,34440,21190,11110,18340
2021-12-11,25670,27020,45760,64560,126580,35880,21480,11390,17300
2021-12-12,24950,26880,45560,62860,124850,35450,21760,10970,17820
2021-12-13,25240,25990,47990,68370,126160,35540,21670,11090,18220
2021-12-14,27270,27010,47640,70590,125620,35580,23170,11180,17900
2021-12-15,28800,26680,45800,70400,126160,35110,23280,11150,17980
2021-12-16,28190,25340,44790,68620,126160,35110,23220,11150,18150
2021-12-17,28250,26740,46310,73950,125490,35240,24140,11210,18720
2021-12-18,27610,26370,45710,74620,126160,35240,24910,11210,16410
2021-12-19,27290,28950,44860,69850,124900,34380,24740,11070,18470
2021-12-20,27290,26430,45960,83500,125620,35730,24890,11320,17840
2021-12-21,27010,26460,43340,90320,126160,35600,25490,11210,18100
2021-12-22,27330,26320,41930,94540,126580,37100,26150,11560,18800
2021-12-23,26670,26720,45730,88140,125900,34450,25370,11360,18770
2021-12-24,27030,26060,43920,92820,127060,35620,28080,11250,19270
2021-12-25,27730,26100,44580,95980,128430,36890,29830,11280,19240
2021-12-26,27780,27110,49320,92590,129630,36190,30090,11210,19150
2021-12-27,27630,26640,47260,96200,128410,36610,30840,11250,18770
2021-12-28,27470,26570,42650,97540,126950,36640,31050,11250,18640
2021-12-29,27380,26050,43930,96660,127330,37050,30610,11280,18130
2021-12-30,27630,26720,43710,92390,125620,37520,30330,11320,18700
2021-12-31,25850,26240,40300,86520,125620,37230,30840,11250,18490
2022-01-01,26890,27240,39240,80020,124900,37610,30480,11210,18820
2022-01-02,25600,26430,39570,81700,126580,36440,30130,11210,18660
2022-01-03,26390,27550,38700,84630,124900,37440,30200,11290,18640
2022-01-04,26630,26600,41310,88680,126160,37320,29180,11210,18850
2022-01-05,26610,26470,38710,79400,127060,36900,28530,11250,18980
2022-01-06,26760,26650,37690,73770,126160,36890,28220,11280,18910
2022-01-07,25830,27530,34910,67710,124900,37620,27430,11290,18720
2022-01-08,26030,27080,32210,68450,126580,36570,28050,11290,18980
2022-01-09,26460,27300,24100,64940,125900,36900,26770,11570,19190
2022-01-10,26140,26730,31940,64990,126160,36030,27060,11280,18990
2022-01-11,26460,27140,31210,64040,125620,36180,26510,11320,19320
2022-01-12,26270,26730,27830,54830,126160,37040,25520,11280,19300
2022-01-13,26300,27000,28730,53180,125620,38180,24940,11400,18980
2022-01-14,25910,26690,25710,53620,124900,37890,24770,11300,19150
2022-01-15,26270,26600,27670,50890,126160,38030,24190,11350,18990
2022-01-16,24660,26210,27200,51380,127060,37340,23930,11330,18980
2022-01-17,25310,27000,28620,51650,125620,37620,23870,11400,18840
2022-01-18,25680,26880,35460,50380,126160,37530,23440,11350,18990
2022-01-19,26880,26740,33000,48840,126160,37400,22450,11350,18990
2022-01-20,26880,26470,33610,49080,126160,37160,22440,11350,18400
2022-01-21,25910,26250,33320,48800,126580,36740,21650,11380,18200
2022-01-22,27070,26430,33130,46510,126580,36570,21490,11300,17880
2022-01-23,27400,26230,32850,47500,126160,38600,21240,11350,18270
2022-01-24,27400,26610,32810,42760,126160,36780,21360,11280,18340
2022-01-25,26400,25580,31220,38880,126580,36570,21650,11380,18120
2022-01-26,27530,26490,32430,40110,126160,36530,21230,11210,16850
2022-01-27,27050,26080,31920,38800,127060,34490,20990,11250,17270
2022-01-28,27600,26120,32210,36880,126160,36800,20540,11280,16080
2022-01-29,27120,26290,31900,37090,125620,36770,20980,11400,15700
2022-01-30,26740,26430,32250,36830,126580,35940,20400,11210,16240
2022-01-31,28020,25990,30880,37330,126160,36510,20730,11280,16480
2022-02-01,28090,26730,30060,35890,125620,36760,20700,11250,16750
2022-02-02,28040,25920,29640,37080,126580,36260,20640,11380,17710
2022-02-03,29260,26190,30860,37320,124900,36570,21300,11300,17360
2022-02-04,28970,25920,30410,37820,126580,35930,20730,11380,17510
2022-02-05,31030,26560,30660,39270,125620,35920,20760,11250,16930
2022-02-06,29860,25800,30920,39020,126580,35280,20560,11210,17380
2022-02-07,31210,26900,33850,42500,125620,35600,20540,11180,17050
2022-02-08,31360,26730,35060,42040,126160,35520,20270,11280,16640
2022-02-09,32270,27120,35790,43070,126160,36120,19970,11280,15890
2022-02-10,34440,26560,35500,42750,126160,35520,20110,11280,15760
2022-02-11,33200,26360,34450,41010,125620,36060,20130,11400,15310
2022-02-12,33630,26560,35790,42100,123550,35520,19860,11280,16010
2022-02-13,34300,26100,35900,41200,127060,34930,19840,11250,16320
2022-02-14,33690,26770,35900,41870,125620,36060,19700,11400,16030
2022-02-15,34610,26830,36560,44000,126160,35260,19560,11280,16030
2022-02-16,35280,27360,36190,43980,126160,35260,19800,11280,16150
2022-02-17,33720,27610,35380,42710,125620,34570,19920,11250,15940
2022-02-18,34870,26750,35900,47300,127330,34980,19940,11240,15900
2022-02-19,33670,26520,35090,44790,127330,35110,20060,11280,16330
2022-02-20,31470,26370,34800,42660,125900,34750,19900,11360,15850
2022-02-21,33950,26390,36380,45820,127330,35110,20180,11280,15900
2022-02-22,33520,27290,39020,48800,128150,35270,20490,11380,16570
2022-02-23,33160,25760,42420,56780,126950,35910,21130,11400,16030
2022-02-24,35270,27370,43540,53310,127330,35400,21240,11280,15200
2022-02-25,33810,26060,40500,52420,127980,35400,21110,11280,15080
2022-02-26,35180,26010,42540,52370,127700,36060,21130,11400,15090
2022-02-27,34960,27590,40690,52790,125620,35180,21350,11210,15250
2022-02-28,35530,27030,44820,57470,128280,35210,21410,11130,15300
2022-03-01,35990,27080,43020,54870,129890,34930,21710,11250,15110
2022-03-02,35920,26440,44110,63460,128520,35520,21930,11280,14970
2022-03-03,34430,27450,41140,62190,128280,35560,21830,11210,15470
2022-03-04,35710,26930,44780,63250,129890,38260,22280,11370,15100
2022-03-05,35740,27130,43550,63970,129900,36400,22120,11280,15090
2022-03-06,34410,27890,42770,63150,127060,36020,22140,11250,15250
2022-03-07,34270,26620,44630,65990,129870,36760,23810,11380,15290
2022-03-08,34910,27490,45680,64810,129900,36510,23670,11280,15090
2022-03-09,34550,27490,46980,66310,129900,36400,23980,11280,14910
2022-03-10,35070,27260,47230,64860,129900,36400,23850,11280,14890
2022-03-11,32470,27730,48610,65220,129900,36530,23870,11280,14910
2022-03-12,32300,27780,47490,66030,129900,36400,24110,11280,14850
2022-03-13,30580,27790,44810,61020,128280,35570,23900,11210,15170
2022-03-14,31730,27820,43490,59130,129890,36170,23770,11400,14700
2022-03-15,32290,27580,49490,65120,131620,36540,23910,11390,14820
2022-03-16,31930,27510,47290,66020,129900,36500,23740,11280,15020
2022-03-17,32730,27950,48740,64150,131380,37190,24060,11400,17870
2022-03-18,31930,28330,45370,57390,131210,37150,23800,11320,20520
2022-03-19,31330,28690,44920,59260,131380,36760,23920,11330,21150
2022-03-20,31240,28600,46410,59160,131210,37150,23930,11350,20970
2022-03-21,32400,28720,43690,56090,132430,38410,23860,11990,21200
2022-03-22,30080,29050,44150,53830,127220,36740,23680,11090,21830
2022-03-23,31570,29360,44170,54460,129890,37460,23780,11470,22590
2022-03-24,30830,29690,42090,55800,129900,37670,23680,11280,22370
2022-03-25,30400,28920,40820,53710,131210,37010,23680,11280,22630
2022-03-26,30090,30180,40940,53390,131380,37620,23780,11330,22190
2022-03-27,30800,29060,41050,55700,131210,37140,23680,11280,22630
2022-03-28,30440,29740,41690,51760,131380,36750,23990,11190,22330
2022-03-29,31100,29470,42120,53320,131210,37280,24180,11280,22520
2022-03-30,31080,29730,40370,52570,131210,37670,24550,11200,22640
2022-03-31,31690,30240,41720,52950,134100,38500,24770,11220,22610
2022-04-01,31710,30060,42420,54130,137250,38690,24610,11230,22770
2022-04-02,31910,30650,41810,52860,139820,39920,24810,11170,22520
2022-04-03,31780,30650,44410,54260,138420,39240,24780,11260,22190
2022-04-04,31890,30060,45660,55020,137990,39090,24550,11230,22520
2022-04-05,32450,29730,46000,53650,137340,38960,24490,11230,22770
2022-04-06,32700,29670,41760,51680,136080,38580,24740,11230,22520
2022-04-07,32670,29660,43340,50700,136080,39230,24430,11230,22080
2022-04-08,32930,29990,44820,46660,137340,38960,24170,11230,22410
2022-04-09,33390,30140,46990,46880,135970,39360,24240,11170,22290
2022-04-10,32570,29790,42780,46000,137340,39090,24370,11170,22410
2022-04-11,34780,29750,42150,41110,137150,38300,24240,11230,22680
2022-04-12,34820,29000,35770,38950,138530,38440,24110,11290,22800
2022-04-13,33570,30060,34810,39440,138530,38050,23740,11290,22740
2022-04-14,32700,29860,33210,36060,138530,38070,23990,11410,22620
2022-04-15,31870,29510,32910,36000,134540,38210,23860,11410,22520
2022-04-16,31290,29620,32870,35960,137910,37620,23660,11370,22370
2022-04-17,32380,29970,32340,35980,137760,38070,23800,11340,22020
2022-04-18,32770,29300,32660,35120,138340,38460,23550,11340,21190
2022-04-19,32740,29550,31500,35750,135970,38340,23370,11340,22280
2022-04-20,32630,29160,32020,33800,135970,38980,23430,11340,22280
2022-04-21,32560,29770,32290,31450,137950,38980,24550,11280,22280
2022-04-22,32270,29530,32570,31610,135970,38970,24810,11340,21410
2022-04-23,32470,29090,32680,32730,139120,38980,24990,11250,22460
2022-04-24,33890,29440,32590,31760,137800,39590,24680,11570,22400
2022-04-25,33980,29420,35950,33530,139890,39110,24990,11340,22770
2022-04-26,35200,29510,39100,36850,141030,40280,24930,11340,22710
2022-04-27,36700,29160,40460,38420,146730,39690,25150,11150,22830
2022-04-28,36700,28480,43560,33990,148630,40330,25840,11220,23470
2022-04-29,39000,30800,46770,36750,154770,42430,26070,11740,22990
2022-04-30,40430,31440,49670,41270,152690,41930,26670,11230,23790
2022-05-01,43560,33100,60310,46060,167440,42210,27330,11460,22980
2022-05-02,37420,32400,56130,50000,164920,42430,25990,12250,22980
2022-05-03,41600,31580,51920,47180,152350,39790,26640,11450,23310
2022-05-04,40350,30520,45220,42490,147810,40540,25560,11150,23580
2022-05-05,37220,28980,41030,44090,139760,43000,26200,11330,23240
2022-05-06,36150,29040,38060,51490,141530,38660,25650,11450,23310
2022-05-07,37420,30120,38690,46190,146590,38660,26280,11330,23240
2022-05-08,34380,28360,31730,38190,144570,38400,26570,11050,23580
2022-05-09,39310,28860,33000,37450,141090,38870,27270,11320,23120
2022-05-10,40790,28630,33880,33130,146480,40100,26810,11390,23150
2022-05-11,38590,29330,38330,34600,143500,39820,26340,11220,23340
2022-05-12,39490,29280,38640,34880,143500,39030,26220,11220,23340
2022-05-13,41180,28980,37290,33860,142340,38770,26360,11220,23340
2022-05-14,39560,27180,35070,34220,142440,39340,26480,11330,22690
2022-05-15,41820,28540,33580,34270,139800,37570,26270,11180,23220
2022-05-16,39750,29900,40810,34620,140920,37530,25560,11570,22350
2022-05-17,40460,28560,35670,34580,139230,36800,25470,11120,22580
2022-05-18,44580,28240,38300,40590,139680,37970,26560,11150,22730
2022-05-19,43580,28830,40100,45110,136850,37540,26560,11250,22320
2022-05-20,44840,29470,41470,47540,138430,37210,26860,11190,22770
2022-05-21,44480,29210,42520,47740,139550,37840,26860,11190,22640
2022-05-22,41020,28630,41020,45940,141130,35620,26650,11170,22860
2022-05-23,45260,28650,44420,50700,141280,37100,26850,11370,22520
2022-05-24,45150,28670,44330,52760,138430,36770,26740,11190,22520
2022-05-25,46060,28670,45270,56180,139550,36120,26860,11130,22520
2022-05-26,45500,28470,49530,59840,139550,35990,26860,11190,22400
2022-05-27,45510,28070,55150,62450,138430,35180,27230,11190,22270
2022-05-28,46290,26760,55560,65740,143260,36190,27500,11350,22120
2022-05-29,44940,27490,52190,56610,139680,35490,27270,11150,22310
2022-05-30,45540,28990,57090,66000,141280,36870,27560,11440,22100
2022-05-31,45080,29530,56320,66600,138430,36770,27740,11270,22270
2022-06-01,44150,29050,57650,67760,138430,37170,27740,11180,22270
2022-06-02,44550,29470,56640,70780,138430,36560,27740,11180,22400
2022-06-03,44690,27970,59000,75550,139720,38320,27730,11250,22330
2022-06-04,45160,26630,61610,74610,140650,38660,28350,11470,22100
2022-06-05,46210,27030,61760,76540,139910,38070,28120,11250,22270
2022-06-06,48700,26900,69460,86110,141790,38840,28490,11250,22270
2022-06-07,49180,25910,73910,92030,142050,38970,28710,11140,22660
2022-06-08,48720,26900,72040,91080,139280,39090,28800,11250,22570
2022-06-09,55060,26490,77240,97070,138420,39710,29060,11540,22100
2022-06-10,,,,,,,,,
2022-06-11,,,,,,,,,
2022-06-12,,,,,,,,,
2022-06-13,,,,,,,,,
2022-06-14,,,,,,,,,
2022-06-15,,,,,,,,,
2022-06-16,,,,,,,,,
2022-06-17,,,,,,,,,
2022-06-18,,,,,,,,,
2022-06-19,,,,,,,,,
2022-06-20,,,,,,,,,
2022-06-21,,,,,,,,,
2022-06-22,,,,,,,,,
2022-06-23,,,,,,,,,
2022-06-24,,,,,,,,,
2022-06-25,,,,,,,,,
2022-06-26,,,,,,,,,
2022-06-27,,,,,,,,,
2022-06-28,,,,,,,,,
2022-06-29,,,,,,,,,
2022-06-30,,,,,,,,,
2022-07-01,,,,,,,,,
2022-07-02,,,,,,,,,
2022-07-03,,,,,,,,,
2022-07-04,,,,,,,,,
2022-07-05,,,,,,,,,
2022-07-06,,,,,,,,,
2022-07-07,,,,,,,,,
2022-07-08,,,,,,,,,
2022-07-09,,,,,,,,,
2022-07-10,,,,,,,,,
2022-07-11,,,,,,,,,
2022-07-12,,,,,,,,,
2022-07-13,,,,,,,,,
2022-07-14,68970,23130,111340,113710,141950,38950,28200,11080,19940
2022-07-15,68620,23440,97940,100330,140000,39090,28000,11270,20130
2022-07-16,66560,22560,92820,97730,140000,36220,27990,11120,19400
2022-07-17,65540,24540,94470,97920,140000,37440,27830,11280,19710
2022-07-18,60330,23370,89960,89920,139270,37500,27990,11240,19480
2022-07-19,56510,23220,92140,87480,140000,37800,28000,11270,19660
2022-07-20,53810,23850,86500,85120,138710,37180,28000,11270,19170
2022-07-21,49060,24170,83530,82260,140000,37820,28000,11270,19210
2022-07-22,46550,24170,83020,81310,140000,37440,28000,11270,18480
2022-07-23,47020,23480,85710,82000,140000,37440,27990,11460,17820
2022-07-24,50360,23650,84880,81320,140000,37950,27800,11460,18780
2022-07-25,42120,23110,78080,81780,140000,37230,28270,11240,18030
2022-07-26,45100,22620,79200,79100,138710,37560,28240,11270,18020
2022-07-27,40510,22630,76140,74790,139370,37560,27930,11270,17890
2022-07-28,39260,23560,74490,72730,139370,37560,28000,11270,18130
2022-07-29,36720,22760,75160,73130,140000,36790,27780,11240,17870
2022-07-30,38710,23560,74490,72140,138730,37180,27810,11270,18340
2022-07-31,34540,23870,74830,71090,139150,36280,27830,11280,18210
2022-08-01,35500,23560,72330,71050,138710,36800,27620,11270,18240
2022-08-02,35190,23680,70480,68670,137400,36530,27370,11270,18340
2022-08-03,34760,20650,73190,68290,140000,36240,27650,11320,17150
2022-08-04,37600,23480,70810,68440,138710,36530,27620,11270,17040
2022-08-05,35280,24170,71300,68430,140000,37190,27420,11240,17020
2022-08-06,35390,23520,72890,69930,140000,36150,27400,11140,18350
2022-08-07,36170,22610,72350,69740,140000,36900,27560,11470,17430
2022-08-08,37020,22780,68940,63890,138710,36400,27110,11270,17690
2022-08-09,35710,23370,68770,63020,140000,36380,27100,11270,17120
2022-08-10,35990,23370,68470,65990,138710,36520,27610,11220,17240
2022-08-11,35760,23280,70250,65530,137070,36440,27410,11110,16700
2022-08-12,35910,23150,70510,61700,138080,35840,28370,11220,16720
2022-08-13,35690,24290,69190,60940,136360,35440,28270,11250,16980
2022-08-14,35660,23260,69350,63030,136810,35990,28240,11220,16160
2022-08-15,35980,23710,69860,57410,138080,35980,28860,11220,16570
2022-08-16,34240,23560,67940,56650,137430,36390,29220,11220,16720
2022-08-17,34240,24120,66280,54770,137070,35900,28990,11250,16980
2022-08-18,32300,23560,72920,59890,138080,36250,29860,11220,16620
2022-08-19,33950,23700,74760,56020,138080,36630,30350,11340,16550
2022-08-20,33950,23980,74490,55440,137450,36900,30230,11340,16680
2022-08-21,33950,23980,73900,58560,138080,36780,30110,11340,16680
2022-08-22,35040,23430,70990,49190,137810,37170,30700,11540,16790
2022-08-23,33050,23980,65720,52380,138080,36250,30350,11340,16550
2022-08-24,31180,23600,63390,48600,138080,36630,30730,11280,16550
2022-08-25,32130,23780,61570,50160,138080,36620,30590,11280,16550
2022-08-26,34410,24800,62080,50760,138080,36490,30470,11280,16650
2022-08-27,33070,23750,63310,48080,137810,36750,31130,11480,16900
2022-08-28,31420,24520,61030,50030,139270,36430,30540,11180,16400
2022-08-29,30800,23900,64860,51950,138080,36900,30730,11280,16510
2022-08-30,32120,23920,62580,52910,138080,36520,30730,11280,16510
2022-08-31,32100,23750,63210,51720,138080,36650,29980,11280,16410
2022-09-01,32240,22530,68580,54180,138080,35940,30230,11280,16550
2022-09-02,31630,24390,69990,52100,137810,36120,29700,11480,16470
2022-09-03,32130,24070,69790,53950,138080,36250,29860,11280,16410
2022-09-04,32510,23490,74130,54600,138080,36120,29860,11280,16410
2022-09-05,33300,23490,75210,58010,138080,35180,29220,11280,16550
2022-09-06,33570,23620,77640,61410,139910,36250,28980,11280,16650
2022-09-07,33530,23730,79720,60390,139280,37410,29090,11280,16410
2022-09-08,33280,23360,81150,60360,138080,36720,28730,11320,16270
2022-09-09,32920,23380,79140,58010,138280,35870,28650,11180,15790
2022-09-10,34320,23140,80070,59410,137810,36590,28280,11560,16620
2022-09-11,33020,23360,74560,57260,138080,35690,28490,11350,16270
2022-09-12,33020,23590,72230,58270,138080,35300,27990,11350,16270
2022-09-13,32830,24210,71610,62080,136810,35420,27740,11350,16270
2022-09-14,32910,23480,72150,64620,138080,35420,27620,11310,16270
2022-09-15,32020,23360,68370,64130,136810,34450,27620,11350,16270
2022-09-16,31790,23480,67780,63390,136810,34170,27550,11350,16390
2022-09-17,31790,23480,67160,63560,136810,34030,27370,11350,16390
2022-09-18,31790,23480,67940,67380,136810,34050,27310,11350,16390
2022-09-19,32020,23480,65290,66200,136810,34050,27240,11350,16390
2022-09-20,31650,23150,66120,71890,136810,35250,26850,11350,16390
2022-09-21,32020,23120,66130,69220,136810,35120,26730,11350,16390
2022-09-22,32040,23360,63560,63940,137430,34320,26370,11350,16390
2022-09-23,32040,23420,59610,64220,136810,34320,25730,11350,16390
2022-09-24,31510,23210,59950,65530,137810,34230,25560,11260,16110
2022-09-25,32040,23760,61130,64860,136810,34190,25740,11350,16390
2022-09-26,30920,23070,57220,67660,137810,34390,24840,11260,15980
2022-09-27,31930,23640,59380,65140,137430,34570,24730,11350,15850
2022-09-28,32070,23870,61110,62150,137430,34600,24730,11350,15850
2022-09-29,32350,23270,55620,64820,137070,34990,24130,11560,16140
2022-09-30,32300,23360,56150,62810,136810,34600,24240,11350,15850
2022-10-01,32300,23240,57390,59930,137430,34600,24340,11350,15850
2022-10-02,32790,23140,59200,61570,136360,34850,23990,11560,16140
2022-10-03,32140,23360,54380,63440,136810,34480,24360,11290,15850
2022-10-04,32390,23640,54110,60240,137430,34480,24370,11350,15850
2022-10-05,33000,23380,52850,58900,136810,34200,24240,11350,16000
2022-10-06,33970,23760,53590,57780,136810,33930,23800,11350,16000
2022-10-07,33570,23930,58410,55530,136360,34350,23710,11260,16310
2022-10-08,33970,23200,58920,57960,136580,34230,23990,11570,15640
2022-10-09,34660,24240,59860,57830,135760,35700,23490,11490,16730
2022-10-10,33010,23640,59780,57690,136810,33930,24480,11350,16000
2022-10-11,33300,23800,58650,57280,136810,34320,25370,11350,16000
2022-10-12,33530,23700,60800,56770,136810,34320,25620,11350,16000
2022-10-13,31320,22990,59780,57850,136810,34050,25740,11350,16000
2022-10-14,33030,23440,55490,54180,136810,34600,25740,11350,16000
2022-10-15,34200,23360,53160,52060,137070,34230,25850,11480,16000
2022-10-16,33650,23440,53970,52990,136810,34320,25740,11350,15950
2022-10-17,33180,23800,53320,52690,136810,34320,25860,11350,15950
2022-10-18,32810,22420,48900,51430,136810,34190,26310,11350,15950
2022-10-19,32660,23500,49370,50510,136810,34320,26300,11350,15950
2022-10-20,32810,23500,47060,47950,136810,34050,25820,11350,16220
2022-10-21,32690,23510,45770,46880,136810,34050,26300,11230,16220
2022-10-22,33200,23270,48970,47740,136810,34050,26240,11230,15410
2022-10-23,32930,23800,48970,48840,136810,34050,26180,11230,16220
2022-10-24,32930,23900,45770,45200,136810,34430,26550,11230,15950
2022-10-25,32190,23900,45690,42720,136810,34710,26420,11230,15950
2022-10-26,32930,24160,45600,44140,136810,34710,26490,11280,15950
2022-10-27,32190,23620,46250,43630,136810,34710,26240,11280,15950
2022-10-28,33180,23620,45500,43440,136810,34710,26240,11280,15800
2022-10-29,33180,23620,45280,42360,136810,34710,25390,11280,15950
2022-10-30,32510,23560,43990,42570,136360,34670,25990,11480,16250
2022-10-31,32880,23900,44580,43070,136810,35980,26110,11280,15800
2022-11-01,34270,23700,39650,39790,136580,34620,25990,11480,15470
2022-11-02,33800,23640,41350,40430,136810,34900,26110,11280,15950
2022-11-03,32560,23640,40860,39320,136810,34900,26110,11280,15950
2022-11-04,33930,24940,39200,38340,136580,34620,25990,11480,15570
2022-11-05,32530,23080,37470,39560,137810,34380,26560,11190,14980
2022-11-06,33070,23700,37060,38210,136580,34620,26150,11480,14770
2022-11-07,31270,23360,33620,37340,136810,34900,26120,11280,15330
2022-11-08,33250,23360,33620,34730,133980,34900,26120,11280,15330
2022-11-09,33010,23360,34020,36630,136810,35600,26240,11280,15330
2022-11-10,33790,24420,35280,36510,136360,35340,26280,11480,15530
2022-11-11,32120,22740,33350,35600,136810,34900,26500,11280,15330
2022-11-12,33070,23740,34990,35710,135760,35930,26660,11560,15800
2022-11-13,32320,23680,34220,36890,136810,34620,26860,11280,15330
2022-11-14,31410,23880,32370,33470,136810,34340,26300,11280,15330
2022-11-15,31160,22780,33400,34160,133980,34480,27370,11280,15330
2022-11-16,30760,22440,33210,37420,132830,34060,27160,11300,14770
2022-11-17,31490,23060,33000,37420,136810,34480,27240,11280,15330
2022-11-18,32070,22930,33710,37050,137450,34620,27320,11320,15800
2022-11-19,30890,23330,32370,37800,136810,34900,27240,11280,15330
2022-11-20,31730,23350,31860,36870,136360,35010,27130,11480,15530
2022-11-21,30360,23310,33560,39340,136810,34900,27500,11280,16110
2022-11-22,30510,23830,33650,38440,136810,34900,27610,11280,15610
2022-11-23,29910,23690,32140,37780,137810,34230,27710,11190,15860
2022-11-24,30740,23370,32650,38500,137070,34230,27630,11250,15240
2022-11-25,30740,22760,32350,37320,136360,33910,28050,11330,15100
2022-11-26,30740,22760,33590,38360,137090,33750,28630,11190,15570
2022-11-27,32030,24660,31670,36750,136360,35170,28770,11410,16000
2022-11-28,32060,23450,33000,37880,135550,34620,29430,11420,16000
2022-11-29,31430,23070,33600,38470,136190,34470,29050,11420,16000
2022-11-30,32300,23640,33380,39750,136190,35300,29860,11350,16000
2022-12-01,32300,23640,34030,42420,136810,34900,29740,11350,16000
2022-12-02,32780,23890,34730,45010,136360,35180,29850,11480,16000
2022-12-03,32420,23740,34000,42800,136810,34760,29740,11350,16000
2022-12-04,32300,23530,35680,42680,137990,35160,30170,11350,16000
2022-12-05,32560,23560,36990,46650,137370,34620,30670,11350,15870
2022-12-06,32360,23870,36940,49840,137710,33760,30700,11260,15580
2022-12-07,32420,23900,35860,51900,136720,34480,30480,11480,16000
2022-12-08,32420,24560,36150,51340,136720,34480,30870,11480,16000
2022-12-09,32060,24160,36520,48980,138450,33910,30850,11410,15730
2022-12-10,32770,24190,36590,49760,137330,35540,30490,11560,16530
2022-12-11,31910,23660,36060,49020,138420,34230,30850,11470,15530
2022-12-12,32400,24320,37400,49110,137370,34760,30730,11480,16130
2022-12-13,32930,24320,36540,50580,137370,35040,30480,11480,15890
2022-12-14,33050,25140,36790,51670,137990,34890,30610,11530,16130
2022-12-15,33100,24830,36730,51950,137990,35040,30480,11530,16200
2022-12-16,33200,24890,37580,50760,136360,35190,30270,11690,16220
2022-12-17,33730,24410,37040,51460,137710,35340,30120,11470,16450
2022-12-18,33890,24480,37340,50980,137990,35040,30090,11530,16200
2022-12-19,33050,25230,36500,49890,137370,35940,29550,11530,15730
2022-12-20,32190,24520,34400,49000,137990,36370,29790,11590,15920
2022-12-21,32650,25740,35400,48930,136360,35980,29410,11760,16070
2022-12-22,32300,24940,34210,47440,137990,36120,29360,11590,15860
2022-12-23,32680,25310,36150,46280,139280,36120,29610,11590,16070
2022-12-24,32560,25570,35810,48130,138640,36260,29490,11590,16070
2022-12-25,32300,25310,35810,48820,139280,36260,29490,11590,16070
2022-12-26,33090,25550,36760,51830,138640,36630,28990,11590,16000
2022-12-27,33090,25550,37120,54400,138640,36220,28990,11530,15940
2022-12-28,34070,25550,38520,55150,138640,36220,28860,11630,15870
2022-12-29,34090,26200,38900,57490,138640,36640,28740,11620,16000
2022-12-30,33680,25640,38680,58220,139900,36170,28350,11680,15000
2022-12-31,34220,25680,41790,66490,138640,36700,28430,11620,16000
2023-01-01,34960,26540,39450,63760,137260,37930,28080,11720,16350
2023-01-02,35910,24860,44590,71030,135760,35930,28410,11720,16440
2023-01-03,36040,25830,45060,78720,136810,36350,27990,11660,15870
2023-01-04,36210,26500,43710,72570,137070,35710,28560,11840,15540
2023-01-05,35960,26070,44600,69510,137990,36060,28240,11790,16130
2023-01-06,36360,26210,48530,70490,137810,36220,28410,12040,16220
2023-01-07,36210,26640,45450,73340,136360,36080,28270,11890,16290
2023-01-08,36210,25540,44020,72000,137810,35400,28140,11960,15060
2023-01-09,36340,24670,45590,66930,137810,34630,27710,11720,15800
2023-01-10,36180,25520,47740,65420,136810,35010,27990,11980,16060
2023-01-11,34870,25410,47250,64730,136810,35140,27990,11840,16060
2023-01-12,35230,25540,45190,60950,136810,35140,27870,11980,16060
2023-01-13,34870,25410,43860,62300,136810,35010,27990,11970,16060
2023-01-14,34870,25520,42060,60360,136810,35010,27930,11970,15330
2023-01-15,35990,25410,44630,61630,136810,35150,27750,11970,16060
2023-01-16,35450,24550,44080,59400,137450,35420,27680,11970,15700
2023-01-17,37720,25650,43560,57260,138080,35420,27800,11970,16130
2023-01-18,37670,25990,43910,56740,138080,35160,27680,11970,16130
2023-01-19,37040,25760,40970,54830,138080,34870,26980,11970,16060
2023-01-20,39170,24170,40870,58310,138080,35010,27680,11970,16060
2023-01-21,40120,26890,40830,57370,137450,35930,27240,12050,16340
2023-01-22,37230,25310,40830,56260,138080,35010,27430,11970,16060
2023-01-23,38950,25500,41100,58550,138080,35010,27430,11840,16060
2023-01-24,39830,25760,43330,60430,138080,35300,27430,11970,16200
2023-01-25,40770,27380,43340,60920,138080,35300,27430,11970,16270
2023-01-26,40060,25050,44630,58660,139280,35300,27430,11970,16000
2023-01-27,40370,25260,43950,57530,137810,35790,27350,12040,16300
2023-01-28,40140,25230,42920,59900,136810,35300,27430,11970,16200
2023-01-29,41960,25830,44100,60550,136810,35010,27310,11970,15900
2023-01-30,39860,25840,42930,57830,136810,35010,27430,11970,16270
2023-01-31,43550,27010,42990,57850,136810,34730,27430,11970,16270
2023-02-01,45160,27800,39900,57030,136810,35010,27430,11980,16270
2023-02-02,44990,26340,43630,57720,136810,35710,27370,11970,16330
2023-02-03,45590,26570,43860,55860,136160,34730,27370,11960,15660
2023-02-04,45820,26570,43260,56600,136160,34730,27370,12020,16260
2023-02-05,45220,26340,43310,55040,136160,35010,27430,12020,16400
2023-02-06,45460,26570,44330,60340,136810,35600,27370,12210,17590
2023-02-07,46620,26670,46660,63030,136810,35290,27300,12150,16330
2023-02-08,44860,27050,46680,60130,136810,35560,27240,12210,16660
2023-02-09,43500,27440,46070,60220,136810,35560,27240,12280,16660
2023-02-10,42990,28040,45870,60880,136810,35420,27240,12030,16590
2023-02-11,42480,26820,44790,60340,136810,35420,27240,12210,16330
2023-02-12,42990,27200,44860,61060,136810,35950,27370,12220,16590
2023-02-13,39450,26820,44670,62350,136810,35420,27240,12280,16530
2023-02-14,37400,27180,45700,64900,135550,35720,27240,12410,16260
2023-02-15,38190,26700,44860,63330,136810,35720,27370,12350,15720
2023-02-16,36150,26820,48800,69130,135550,35720,26860,12350,16400
2023-02-17,36020,26820,52250,71110,135550,35580,28040,12360,16400
2023-02-18,36320,26690,49730,70540,135550,35580,26990,12390,16400
2023-02-19,35620,26820,50220,69560,135550,35710,26990,12390,16270
2023-02-20,34240,27310,51740,70480,135550,35420,26740,12280,16130
2023-02-21,33940,26440,49030,68470,135550,35420,26740,12320,16270
2023-02-22,36150,27840,50300,71790,135550,35420,26990,12360,16130
2023-02-23,34750,28140,50650,70520,135550,35300,26490,12250,16130
2023-02-24,35270,28230,48330,68530,135550,35300,26490,12430,16020
2023-02-25,34750,28230,48720,69910,135550,35300,26490,12240,16270
2023-02-26,34750,28510,48720,67270,135550,35300,26490,12190,16130
2023-02-27,34470,29250,45370,66600,136810,35300,26610,12190,16270
2023-02-28,33810,29010,44440,67890,136810,35560,26610,12190,16130
2023-03-01,33810,29120,44440,67140,136810,35560,26300,12190,16130
2023-03-02,34530,28730,40770,66740,135550,35560,27610,12390,15890
2023-03-03,34000,28290,41400,66230,135620,34670,26480,12310,15400
2023-03-04,34470,28840,40630,70810,135550,35170,26300,12080,15890
2023-03-05,34470,28270,42780,72680,135550,35170,26600,12460,16010
2023-03-06,35270,29270,42220,71700,135550,35030,26490,12460,16010
2023-03-07,36190,29670,40640,77850,136810,34750,26490,12390,16010
2023-03-08,35790,31900,42250,79090,136810,34750,26560,12390,15960
2023-03-09,35590,29650,44350,79800,136810,34750,26750,12460,15410
2023-03-10,35590,30490,42780,79000,136810,34890,27000,12390,15410
2023-03-11,34100,31710,46780,72550,136810,34890,27240,12390,15520
2023-03-12,35070,30550,42160,75940,136160,35150,27230,12460,15180
2023-03-13,35590,31100,43230,78040,137430,34930,28390,12520,15240
2023-03-14,35070,31620,41540,76790,134200,36630,27990,12070,15360
2023-03-15,34140,31350,40510,75520,135550,36090,28040,12220,15360
2023-03-16,35390,30810,40510,77420,135550,36100,28350,12220,15480
2023-03-17,34800,31370,42960,80000,136810,35980,28980,12530,15240
2023-03-18,34410,31370,42960,79320,136810,36100,29230,12530,15220
2023-03-19,34410,31370,43410,80610,136810,35980,29230,12530,15480
2023-03-20,34800,31620,43130,82430,138710,36100,29360,12530,15480
2023-03-21,35500,30430,39920,81840,138620,35990,29480,12410,15840
2023-03-22,36560,31370,40250,81840,138620,36260,29360,12350,15840
2023-03-23,36190,31020,40510,81180,134820,36260,29610,12350,15710
2023-03-24,35410,31300,43910,81220,136720,36260,29490,12410,15710
2023-03-25,33940,31070,47120,81800,138620,35850,29860,12270,15480
2023-03-26,34820,31550,43560,79120,138620,35850,29860,12270,15290
2023-03-27,33760,30140,39600,73320,138620,35850,29730,12270,15480
2023-03-28,33380,29620,38510,71450,138620,35590,29360,12270,15370
2023-03-29,33010,30380,36700,59330,137990,35450,29490,12220,15610
2023-03-30,33670,29440,36560,57520,137990,35300,29360,12270,15610
2023-03-31,34320,30720,39090,57050,138620,35300,29230,12350,15480
2023-04-01,34220,29900,38840,55920,138620,35300,29110,12410,15480
2023-04-02,33450,30030,37420,52670,137340,35300,28990,12410,15350
2023-04-03,33880,30140,35100,50730,138620,35300,28610,12410,15480
2023-04-04,33570,30140,35890,50710,138620,35300,28730,12350,15480
2023-04-05,34010,30720,35690,48920,138620,35300,28480,12410,15480
2023-04-06,33300,29620,33780,45110,139910,35020,28230,12390,15480
2023-04-07,33860,29620,34070,45930,137340,35020,28220,12220,15480
2023-04-08,33860,29730,34640,44960,137340,35020,28220,12340,15480
2023-04-09,32390,29060,33130,44780,135360,34060,28060,12340,15110
2023-04-10,32040,29980,34070,43160,138620,35020,28220,12340,15480
2023-04-11,31320,30300,33220,42210,138620,35020,27840,12340,15550
2023-04-12,33570,29470,35410,41320,137340,35150,28100,12660,15230
2023-04-13,33570,30290,35010,40430,137340,35150,27490,12660,15350
2023-04-14,35400,30630,35690,40050,135550,35800,27490,12830,15480
2023-04-15,35030,30370,33780,40050,136810,35930,27300,12590,15420
2023-04-16,34330,30160,35930,40640,137430,36100,27240,12520,15350
2023-04-17,35860,30880,39590,42500,138620,35850,27670,12450,15350
2023-04-18,37340,30990,43350,44200,141120,36120,27480,12560,15420
2023-04-19,39350,31730,44910,45330,142340,37130,27740,12560,15480
2023-04-20,39650,32180,49260,44670,150970,38330,27620,12380,15740
2023-04-21,41530,32460,50470,44670,156100,38900,27680,12450,15740
2023-04-22,40370,33390,51850,48680,152910,40380,27630,12390,15840
2023-04-23,40290,33960,52780,44760,152510,39430,28050,12450,15610
2023-04-24,40190,32110,49500,45370,151300,39020,27850,12300,15840
2023-04-25,42130,31840,46600,43470,145430,38670,27490,12450,15740
2023-04-26,43250,31020,37320,39600,143500,37690,27230,12450,15610
2023-04-27,41980,31620,35100,37620,142440,37140,27480,12510,15540
2023-04-28,40740,32240,31900,34310,141790,37140,27490,12450,15740
2023-04-29,39840,31130,31480,33300,139820,37390,27360,12310,15740
2023-04-30,39590,31360,32750,35150,139820,36880,27360,12310,15610
2023-05-01,39980,31490,31590,34640,141120,36390,27360,12310,15480
2023-05-02,40430,31900,32060,34820,137990,36890,27490,12310,15610
2023-05-03,39730,31330,30720,32120,137340,36630,27800,12310,15740
2023-05-04,39070,32140,30800,32120,138620,36760,27550,12310,15610
2023-05-05,39730,31880,29820,31700,138620,36620,27620,12630,15610
2023-05-06,40320,31270,29530,32750,138620,36390,27860,12630,15610
2023-05-07,40320,31610,30690,33300,138620,36620,27860,12700,15420
2023-05-08,40430,31250,31320,33500,138620,36020,27860,12630,15610
2023-05-09,42220,31940,33300,35770,138620,36020,28300,12630,15610
2023-05-10,41950,32560,33030,35410,137340,35720,28860,12570,15610
2023-05-11,42040,33200,34330,36700,136720,35720,29480,12630,15610
2023-05-12,42040,34040,33300,35190,137340,36090,29490,12690,15610
2023-05-13,40140,32650,33060,36700,136720,36230,29730,12630,15610
2023-05-14,40820,32930,32400,35990,137340,35860,30090,12630,15610
2023-05-15,41540,33380,31180,34910,136720,35860,30850,12690,15370
2023-05-16,39590,32190,31770,34970,137990,36260,30960,12690,15610
2023-05-17,40930,33200,31160,36640,138620,36260,31480,12750,15610
2023-05-18,40250,32390,31530,36230,137340,36260,31480,12630,15480
2023-05-19,40740,33980,30460,36870,137340,36390,31360,12690,15610
2023-05-20,40820,33650,29880,37800,138620,36390,31480,12700,15610
2023-05-21,40560,32460,30460,39190,138620,36390,31360,12630,15610
2023-05-22,40140,33600,29100,39740,138620,36530,31840,12630,15480
2023-05-23,40000,34300,29380,42590,138620,37010,31670,12770,15610
2023-05-24,39180,34820,29380,41580,138620,36780,31740,12630,15610
2023-05-25,39590,35500,31770,41470,137340,37430,31610,12640,15610
2023-05-26,40480,34360,30320,41460,138620,37400,31490,12700,15610
2023-05-27,40060,34420,30650,43500,138620,37160,31490,12700,15480
2023-05-28,39480,33940,31510,41350,138620,37400,31610,12700,15480
2023-05-29,41420,36230,30580,44150,138620,37400,31610,12830,15360
2023-05-30,40820,34720,30580,42930,137340,37250,31560,12830,15360
2023-05-31,40820,35520,30580,42310,137340,37250,31490,12690,15360
2023-06-01,40060,34720,31180,42930,137340,36630,31370,12770,15480
2023-06-02,40560,35270,30910,42770,137340,36630,31120,12830,15360
2023-06-03,39230,34640,31180,43550,137340,36260,30990,12710,15360
2023-06-04,40000,34940,31180,43630,136160,36490,30860,12770,15360
2023-06-05,39670,34720,31070,41530,137340,37530,30860,12770,15360
2023-06-06,39260,33980,32130,43270,137340,37110,30610,12770,15360
2023-06-07,39730,33650,32130,41530,137340,37110,30870,12770,15360
2023-06-08,39730,33650,32130,41870,138620,37530,30610,12830,15360
2023-06-09,38820,33500,31510,41870,138620,36490,30360,12770,15480
2023-06-10,39840,33650,32670,42920,138620,37760,30360,12770,15360
2023-06-11,39730,33430,32000,42220,138620,37760,30360,12770,15470
2023-06-12,39260,34180,31930,40070,138620,37760,30360,12770,15090
2023-06-13,39730,34180,31240,41260,138620,37760,30360,12640,15360
2023-06-14,39730,34180,31850,40280,138620,37480,30230,12640,15360
2023-06-15,39730,34300,31400,40330,138620,37760,30230,12770,15360
2023-06-16,39730,34300,30800,38570,138620,37760,30110,12710,15360
2023-06-17,39730,33520,31400,39660,138620,37760,30230,12770,15360
2023-06-18,39730,34300,31850,39760,138620,37760,29860,12770,15360
2023-06-19,39260,35850,30220,37720,138620,38650,30110,12770,15480
2023-06-20,38510,34300,31400,38340,138620,38080,30110,12890,15360
2023-06-21,40000,36700,29960,39660,137340,38170,30110,12500,15120
2023-06-22,39340,36560,32320,38470,137340,38870,29860,12450,15120
2023-06-23,38690,36230,31510,38380,137340,37580,30120,12450,15240
2023-06-24,39340,36690,32040,39120,137340,39180,30120,12380,15240
2023-06-25,40590,35860,33590,38950,137340,39070,30370,12320,15240
2023-06-26,39260,35860,35930,38050,137340,39730,30110,12700,15240
2023-06-27,39920,37800,39260,38690,139820,41200,30490,12890,15240
2023-06-28,41110,38040,39920,38840,141030,41600,30500,12830,15350
2023-06-29,39580,38420,41000,40590,139820,42210,30560,12700,15240
2023-06-30,39670,37720,39670,38590,138530,41540,30430,12700,15240
2023-07-01,39260,38130,40430,39550,138530,42040,30430,12830,15240
2023-07-02,39670,38130,40760,37970,139820,41000,30430,12950,15120
2023-07-03,40170,39520,39150,37290,138530,39950,31680,12830,15120
2023-07-04,38580,39980,37250,34710,137340,40730,30800,12890,15120
2023-07-05,39060,39190,36460,35120,137340,41260,30550,12830,15120
2023-07-06,37800,39220,36060,35560,137340,41000,30610,12760,15120
2023-07-07,36690,38000,35410,33270,137340,40730,30610,12830,15240
2023-07-08,36690,39910,35770,34120,137340,40730,30740,12830,15240
2023-07-09,36320,38900,36700,34040,137340,40730,30740,12830,15240
2023-07-10,35910,37760,33030,33800,135970,40730,30610,12830,15240
2023-07-11,35190,38660,33860,34430,137340,40380,30500,12830,15240
2023-07-12,35160,39730,34360,34780,137340,40870,30620,12830,15120
2023-07-13,35000,38410,33860,33800,137340,39910,30620,12830,15240
2023-07-14,34430,38730,34870,33710,137340,39910,30750,12830,15120
2023-07-15,33030,39210,34750,33330,137340,39790,30740,12830,15240
2023-07-16,33030,39150,34210,33070,137340,40160,30740,12760,15120
2023-07-17,33390,39120,34750,33230,137340,40040,30740,13010,15120
2023-07-18,31850,39330,31770,31770,137340,40500,30870,12890,15120
2023-07-19,30740,39230,32030,32030,136970,40410,30850,12880,15140
2023-07-20,30960,37710,32040,31790,137340,40110,30870,12890,14990
2023-07-21,30650,37710,31510,32400,137340,40110,30740,12890,15240
2023-07-22,31160,38340,31180,31240,134720,40000,30740,12890,14990
2023-07-23,30910,37940,31180,32040,137340,39860,30740,12890,15120
2023-07-24,30960,37710,31180,32130,137340,39280,30870,12890,15120
2023-07-25,30060,39090,30380,35410,137340,39010,30870,12950,15120
2023-07-26,31510,38340,31510,35410,137340,39010,30740,12890,15120
2023-07-27,31790,38010,32810,34600,137340,38500,30870,12890,15120
2023-07-28,31560,38340,31180,35010,137340,37940,30870,12890,15120
2023-07-29,31840,39090,31790,34470,137340,37940,30870,12890,15060
2023-07-30,31160,38100,31790,34240,137340,37940,30870,12890,14870
2023-07-31,31240,38100,33030,35010,137340,37940,30990,12890,15120
2023-08-01,31240,38590,34240,39740,137340,37660,31370,13010,15120
2023-08-02,30740,38670,35570,38460,136970,37340,31200,12950,15140
2023-08-03,31510,38190,35500,39660,137340,37660,31170,12960,15120
2023-08-04,30380,38160,34910,38980,137340,37400,30990,12960,15120
2023-08-05,30380,37460,34140,37680,137340,37960,30800,12960,15120
2023-08-06,30380,37460,35390,38180,137340,36790,30920,12960,15120
2023-08-07,29130,38590,33860,40310,137340,36180,31050,13020,15120
2023-08-08,29380,37550,34910,39430,137340,36790,30800,12900,14990
2023-08-09,28720,36270,32950,38780,134720,34690,30220,12620,14730
2023-08-10,29960,36610,33030,39060,137340,37400,30480,12960,15060
2023-08-11,29130,37950,30880,40170,137340,37400,30480,12960,15120
2023-08-12,29960,36610,35590,39700,137340,37400,30610,12960,15120
2023-08-13,29380,36830,34820,39080,137340,37400,30480,12830,15060
2023-08-14,29130,36250,35100,40430,137340,37400,30480,12960,15120
2023-08-15,28410,35540,36190,43150,137340,37660,29970,12780,15120
2023-08-16,28680,36600,35500,43250,137470,37900,30040,12710,15120
2023-08-17,29530,36470,35620,41760,137340,37900,29970,12710,15060
2023-08-18,28970,36470,35960,41860,137340,38180,29730,12710,15120
2023-08-19,28320,36390,36320,42080,137340,38180,29730,12710,15060
2023-08-20,28460,36700,37200,43730,137340,38180,29600,12710,15120
2023-08-21,28170,36840,38790,42770,137340,37690,29210,12710,15060
2023-08-22,25990,36940,39150,43920,137340,37690,28600,12770,15240
2023-08-23,25680,36940,39840,42090,138620,38190,28850,12840,15240
2023-08-24,25900,36940,40370,42590,138620,38190,28600,12840,15120
2023-08-25,26920,36230,40700,38600,138620,38070,28850,12840,15240
2023-08-26,26080,36410,39920,39130,138420,38380,28690,12820,15210
2023-08-27,25260,36790,41520,38790,138420,37650,28540,12820,15140
2023-08-28,25460,37950,40970,38220,138620,37690,28220,12900,15060
2023-08-29,24750,36070,42990,38130,138620,37940,27960,12970,15060
2023-08-30,25100,37070,41720,39050,138620,37940,27600,13200,15060
2023-08-31,23820,36460,44630,38280,138620,37940,26320,13120,15060
2023-09-01,24970,35320,40510,37550,138620,37940,26690,13000,15060
2023-09-02,26020,37250,42000,38280,138620,37690,26570,13000,14990
2023-09-03,24970,36000,40450,38470,138620,37690,26570,13000,14990
2023-09-04,24070,35790,39260,36800,138620,37070,26220,13330,15060
2023-09-05,23940,35270,37340,36800,138620,36950,27240,13390,15060
2023-09-06,23940,35640,36520,36440,138620,37420,27370,13450,14930
2023-09-07,23940,35890,35930,35500,138620,37970,27370,13450,15060
2023-09-08,23940,35760,35340,34910,138620,36520,27370,13330,14990
2023-09-09,24100,35270,35340,34910,138620,36790,26870,13390,14870
2023-09-10,24100,33650,33320,34600,138620,36790,27250,13390,14870
2023-09-11,23280,35270,33590,34820,138620,36180,27240,13460,14870
2023-09-12,23940,35960,32790,35500,138620,38240,27180,13520,14870
2023-09-13,22880,35270,34240,35500,138620,39320,27180,13650,14930
2023-09-14,23820,35640,33860,35190,138620,39320,27180,13650,14930
2023-09-15,23810,35640,32580,33940,138620,38500,26990,13710,14870
2023-09-16,22880,35640,33590,33590,138620,38500,26990,13890,14930
2023-09-17,23750,34600,32670,34260,138620,38750,26860,13960,14800
2023-09-18,23150,34040,32830,34780,138620,37800,26350,14200,14930
2023-09-19,23680,35400,33300,35030,138620,37800,26610,13370,14870
2023-09-20,23580,35290,32090,35000,139880,37930,26500,13670,14740
2023-09-21,24350,34690,33860,34820,137430,37800,26490,13770,14990
2023-09-22,22880,35490,33490,34140,138620,37940,26300,13660,15060
2023-09-23,22640,35360,34820,35590,138620,37530,26060,13960,15060
2023-09-24,23790,36350,36750,35670,138420,37930,26210,14030,15070
2023-09-25,22880,35660,37390,37320,138620,36790,26180,13910,14870
2023-09-26,23710,34670,36540,35690,138620,35470,26050,13910,14980
2023-09-27,22250,34780,38510,36700,138620,37130,27360,14030,14930
2023-09-28,23810,35060,37870,35410,138620,35640,25680,13910,14870
2023-09-29,23520,35360,38750,36090,138620,37130,25800,13840,14620
2023-09-30,23430,34570,37380,35100,138620,37130,25420,13840,14870
2023-10-01,22880,34570,38330,36350,138620,37020,25670,13780,14870
2023-10-02,22510,34950,39150,38260,138620,37680,25680,13840,14740
2023-10-03,23430,35640,38340,41530,138620,37720,25480,13840,14740
2023-10-04,23150,36050,39090,40330,138620,36520,25490,13840,14740
2023-10-05,23150,33080,38180,40670,138620,37830,25490,13780,14430
2023-10-06,23460,33260,38450,39980,138620,36040,25730,13840,14740
2023-10-07,23250,35660,38230,41830,138420,37360,26240,13890,14770
2023-10-08,21790,32450,37970,39940,138620,37830,25960,13840,14800
2023-10-09,23020,33060,38450,40840,138620,37690,25700,13840,14800
2023-10-10,22640,33000,36700,40720,138620,37560,25570,13910,14740
2023-10-11,22590,35310,36510,44090,138420,38090,25800,13970,14770
2023-10-12,22640,32940,39260,43470,138620,37560,25700,13910,14740
2023-10-13,22510,34090,38960,44050,138620,37410,25700,13840,14800
2023-10-14,23400,36290,40090,46000,138620,37410,26030,13960,14920
2023-10-15,22250,34650,39990,45330,138620,37560,25230,14030,14800
2023-10-16,22580,35590,39920,46550,138620,37010,24870,14150,14800
2023-10-17,21960,35960,40330,49970,138620,37010,24870,14150,14740
2023-10-18,22250,35190,40480,48540,138620,37140,25110,14090,14670
2023-10-19,23550,34400,39490,47200,138620,37140,25250,14030,14670
2023-10-20,21960,35330,40220,49970,138620,36900,25060,14150,14670
2023-10-21,23200,33870,42710,52670,138620,36770,25180,13920,14800
2023-10-22,22250,35330,42360,53340,138620,36670,25060,13920,14740
2023-10-23,22880,34650,40840,55400,138620,37010,25180,14040,14670
2023-10-24,22070,35200,41110,66040,138620,37140,24990,14040,14800
2023-10-25,21460,32820,41660,66770,138620,37140,25060,14040,14740
2023-10-26,24490,34570,44090,65340,138620,36900,25120,13910,14740
2023-10-27,23980,33700,44120,66500,138620,37000,25120,13920,14740
2023-10-28,22990,33870,46210,66380,138620,37000,25110,14180,14670
2023-10-29,24270,34650,47560,69550,138620,36760,25120,14120,14740
2023-10-30,23810,35330,50150,72860,138620,36900,25120,14120,14740
2023-10-31,24530,34760,59290,74320,138620,36390,25120,14120,14740
2023-11-01,25260,33160,60840,77540,138420,37060,24990,14210,14700
2023-11-02,25460,35330,59940,75580,138620,36530,25110,13990,14740
2023-11-03,26550,34650,62710,82650,138620,36900,25120,14120,14740
2023-11-04,25520,33620,64570,84880,139900,36480,26070,14060,14570
2023-11-05,26360,35920,64800,85850,138620,36670,25250,14120,14910
2023-11-06,27010,34360,65230,62960,138620,36900,25500,14120,14780
2023-11-07,26270,33870,67140,81030,138620,36670,25990,14120,14670
2023-11-08,26500,35330,68960,81640,138620,36670,26240,14180,14780
2023-11-09,27010,34270,70870,81480,138620,36900,26230,14120,14650
2023-11-10,27540,34520,68160,81290,138620,36900,26490,14120,14660
2023-11-11,27010,35960,69700,82010,135970,36670,26240,14120,14580
2023-11-12,26870,35340,75860,81130,139900,36480,26480,13960,14570
2023-11-13,29070,34260,70300,79920,134720,36870,26800,14160,14740
2023-11-14,28970,35700,73210,84110,137340,37000,27110,14220,14780
2023-11-15,29380,34750,72140,85290,137340,37040,26980,14160,14540
2023-11-16,30690,34620,71610,84550,137340,37000,26990,14160,14780
2023-11-17,29920,34490,73640,83440,136080,37000,27240,14160,14920
2023-11-18,29880,34770,74180,85940,136080,37000,26860,14220,14670
2023-11-19,30020,34490,74870,83770,135460,36870,26990,14220,14670
2023-11-20,29350,33830,73370,85130,135460,36760,27060,14220,14780
2023-11-21,30040,33760,77380,89630,134820,36870,27240,14220,14800
2023-11-22,30860,33600,75930,91740,135460,37140,27110,14220,14910
2023-11-23,30380,33120,71990,90740,136080,37140,27110,14220,14850
2023-11-24,30650,33890,74610,90040,135460,37140,27110,14220,14780
2023-11-25,29800,34550,77720,91670,134720,37140,27430,14340,14910
2023-11-26,29770,34480,76960,90540,135520,36590,27420,14250,14770
2023-11-27,29770,34460,74120,90540,135520,36250,27140,14250,14910
2023-11-28,30120,33860,75210,90910,137340,36430,27120,14220,14970
2023-11-29,29800,34800,80920,93480,137340,36430,27240,14340,14900
2023-11-30,29800,34800,83750,92510,137340,36430,27240,14340,14900
2023-12-01,29300,33730,84330,89730,138420,35950,27280,14180,14890
2023-12-02,30110,34290,82810,89720,137340,36430,27120,14340,14970
2023-12-03,29800,34090,83380,90940,137340,36430,27120,14340,15030
2023-12-04,29380,33760,84540,90470,136080,36570,27240,14340,14900
2023-12-05,30380,34140,87980,94750,137340,36430,27120,14340,15030
2023-12-06,28460,33110,88720,95730,136080,36460,27110,14340,14900
2023-12-07,30630,34550,87560,71510,137340,36460,26740,14280,15030
2023-12-08,30380,34550,84580,71030,136080,36460,26740,14340,14660
2023-12-09,30630,33960,85850,93590,136080,36230,27050,14340,15100
2023-12-10,31080,34670,85890,96590,135460,36170,26930,14340,15160
2023-12-11,30740,34480,86850,68790,134100,35120,26850,14460,14920
2023-12-12,30880,34530,79060,92960,133580,36460,26860,14340,15160
2023-12-13,30740,35100,74090,90730,133140,36690,26820,14460,14740
2023-12-14,31130,34760,74590,90540,133580,36730,26860,14450,15160
2023-12-15,31130,34760,71820,89800,133580,36730,27050,14450,15280
2023-12-16,31600,34220,70380,87920,134820,36730,26930,14390,15210
2023-12-17,30590,33610,67720,87740,133580,36730,26800,14330,15150
2023-12-18,31400,34350,65280,87670,134100,36280,26920,14450,14890
2023-12-19,30650,34090,63420,83460,134100,34570,26980,14450,15110
2023-12-20,32520,34780,61480,80780,133580,34840,26990,14450,14900
2023-12-21,34020,34350,61180,81880,134100,34030,26840,14450,14750
2023-12-22,34140,35010,61480,81980,133580,35130,26740,14450,14900
2023-12-23,33140,34340,61780,79750,134820,35340,26860,14390,15080
2023-12-24,32250,33930,64120,82400,134820,35500,26740,14390,14970
2023-12-25,32660,33990,63980,84720,134820,35730,26620,14390,15030
2023-12-26,33210,33940,65220,83340,136080,35150,26680,14330,15150
2023-12-27,33850,35740,62600,84930,133580,33740,26740,14330,15280
2023-12-28,32960,34660,63320,81460,134100,34650,26560,14410,15320
2023-12-29,34880,35280,63430,81510,134820,35080,26610,14330,15150
2023-12-30,34060,35280,62680,80690,133580,35200,26740,14330,15210
2023-12-31,34060,35280,61260,80240,134820,35080,26620,14330,15210
2024-01-01,34540,34950,59620,81210,134820,34740,26420,14310,14810
2024-01-02,36250,36410,66520,86310,134100,35440,26560,14520,15470
2024-01-03,35500,36990,70890,83610,133580,34600,26310,14450,15410
2024-01-04,35860,36470,69260,84450,132430,34610,26180,14330,15410
2024-01-05,35100,36360,69740,83450,134210,34740,26000,14450,15410
2024-01-06,34910,35790,64410,75900,134210,35360,26120,14390,15350
2024-01-07,34240,36200,64580,69460,135460,35590,26120,14330,15290
2024-01-08,34970,36790,65520,63120,134820,33730,25990,14380,15200
2024-01-09,34560,37180,65460,64020,134840,35200,26120,14450,15410
2024-01-10,33060,37180,66600,60720,135480,34840,26310,14450,15410
2024-01-11,33520,34950,64830,60420,134120,36020,26560,14600,15120
2024-01-12,33070,36830,63420,59920,134220,35150,25990,14380,15470
2024-01-13,31220,36530,61170,58840,132450,34840,25870,14390,15410
2024-01-14,31320,36280,60510,61980,133690,35200,25860,14390,15410
2024-01-15,30050,36660,64210,58210,132450,34840,25740,14520,15360
2024-01-16,30030,36540,62930,57390,131140,35510,26780,14430,14900
2024-01-17,30150,36660,62300,58980,132450,35760,26120,14400,15410
2024-01-18,30130,37010,60940,54130,134390,35630,25770,14780,15420
2024-01-19,27490,38090,58190,49760,133270,35340,25770,14680,15420
2024-01-20,28640,38520,59340,51380,133820,36400,26170,14530,15470
2024-01-21,28710,36480,59180,52310,133700,35840,26280,14380,15480
2024-01-22,27940,37030,61680,49860,133070,35610,26570,14650,15560
2024-01-23,28540,37340,67530,48620,133590,36170,26990,14670,15350
2024-01-24,28810,37110,67330,49120,134360,36400,26990,14710,15390
2024-01-25,27510,38030,64400,48860,133590,36010,27070,14670,15220
2024-01-26,27920,37110,63450,52670,134360,36380,26990,14670,15180
2024-01-27,27300,37650,62820,49250,134260,36490,26820,14730,15250
2024-01-28,28250,37370,59870,48780,134260,35950,26860,14640,15300
2024-01-29,27400,36620,62490,49310,133790,35670,26840,14770,15180
2024-01-30,26650,37670,61880,48360,134950,36590,26860,14950,15180
2024-01-31,26410,37310,60520,49550,133790,36320,26960,14920,15430
2024-02-01,26890,36950,59810,50170,133790,36460,26920,14770,15240
2024-02-02,27020,37430,61430,50070,134180,36320,26960,14920,15070
2024-02-03,27360,36560,62120,47970,133700,35680,27040,14750,15420
2024-02-04,27500,36670,64770,49260,131650,35650,27000,15040,15570
2024-02-05,29790,37130,67430,49950,134070,36970,27050,14740,15330
2024-02-06,28200,37400,68140,47370,133580,35660,27040,15250,15530
2024-02-07,28810,36680,64100,48470,133790,36900,27300,15280,15290
2024-02-08,28830,36900,65050,48440,133280,36980,27240,15220,15270
2024-02-09,29080,36260,65400,48180,134490,36220,27090,15260,15700
2024-02-10,29740,34900,62550,52150,135290,36850,27200,15140,15010
2024-02-11,29370,36560,67090,52310,134940,36130,27290,15240,15730
2024-02-12,30410,37130,69800,55570,134040,36420,27590,15330,15760
2024-02-13,30000,36260,69460,53890,133030,37310,27570,15530,15710
2024-02-14,29270,36400,68080,55060,133030,36930,27500,15940,15880
2024-02-15,29860,36790,73990,65480,133410,37230,27830,16290,15630
2024-02-16,31070,35940,77410,72200,132860,36660,28190,16170,15590
2024-02-17,30530,36440,79490,77740,134490,36370,28260,16100,15620
2024-02-18,30930,36440,77120,75870,134490,36830,28300,16140,15620
2024-02-19,30450,35640,77970,70540,134180,35670,28330,16270,15440
2024-02-20,29840,36410,79520,73200,133700,36660,28570,16380,15560
2024-02-21,31420,35800,77870,71110,133700,36780,28570,16160,15590
2024-02-22,31480,36530,80800,71550,133030,37250,28680,16450,15700
2024-02-23,29420,36040,76920,71880,133440,35900,28390,16130,15630
2024-02-24,31690,35650,79990,73360,133410,37260,28830,16350,15700
2024-02-25,31370,36410,78630,72000,134110,37540,29320,16490,15520
2024-02-26,31380,35690,81610,62520,132210,36940,29760,16320,15600
2024-02-27,31050,35330,78770,73430,133790,37500,29600,16560,15670
2024-02-28,29990,35840,77050,71970,133410,36780,29670,16360,15720
2024-02-29,29920,36060,72790,69720,132590,37380,30530,16710,15600
